{"cameraMode":{"drawMode":0,"name":"Shaded","section":"Shading Mode"},"sceneLighting":true,"audioPlay":false,"sceneViewState":{"showFog":true,"showMaterialUpdate":false,"showSkybox":true,"showFlares":true,"showImageEffects":true,"showParticleSystems":true},"in2DMode":false,"pivot":{"x":-0.01926499605178833,"y":0.07515861839056015,"z":-0.09442654252052307},"rotation":{"x":0.004697735421359539,"y":0.9953201413154602,"z":-0.06909521669149399,"w":0.06758751720190048},"size":0.2615528702735901,"orthographic":false}